{
  "inputs": {
    "Fz": 700,
    "v_tyre": 16,
    "n_x": 100,
    "n_v": 200,
    "L": 0.1,
    "k_0": 240,
    "mu_d": 0.7,
    "mu_s": 1.2,
    "v_S": 3.5,
    "delta_S": 0.6
  },
  "results": {
    "Least squares": {
      "params": {
        "L": 0.11229833819535182,
        "k_0": 600.4175844592424,
        "mu_d": 1.2666353229347849,
        "mu_s": 3.326577256195723,
        "v_S": 2.0000000000000004,
        "delta_S": 0.6769225268250664
      },
      "cost": 0.0027537262477676256,
      "nfev": 39,
      "success": true,
      "message": "`xtol` termination condition is satisfied."
    },
    "Genetic": {
      "params": {
        "L": 0.09667798821391181,
        "k_0": 697.7020935090432,
        "mu_d": 1.266714385395327,
        "mu_s": 3.3211115347214273,
        "v_S": 2.0047873518036,
        "delta_S": 0.6775696512763687
      },
      "cost": 0.005521781915353251,
      "nfev": 9576,
      "success": true,
      "message": "Optimization terminated successfully."
    }
  }
}